filename,object,action,background,submerged
adult_sit_river_01.jpg,adult_person,sit,river,0
adult_sit_river_02.jpg,adult_person,sit,river,0
adult_sit_river_03.jpg,adult_person,sit,river,1
adult_stand_mountain_01.jpg,adult_person,stand,mountain,0
adult_stand_mountain_02.jpg,adult_person,stand,mountain,0
adult_stand_mountain_03.jpg,adult_person,stand,mountain,0
adult_stand_river_01.jpg,adult_person,stand,river,1
adult_stand_river_02.jpg,adult_person,stand,river,1
adult_stand_river_03.jpg,adult_person,stand,river,0
dog_sit_mountain_01.jpg,dog,sit,mountain,0
dog_sit_mountain_02.jpg,dog,sit,mountain,0
dog_sit_mountain_03.jpg,dog,sit,mountain,0
dog_sit_river_01.jpg,dog,sit,river,1
dog_sit_river_02.jpg,dog,sit,river,0
dog_sit_river_03.jpg,dog,sit,river,1
